sku,quantity,action,reason,location
3269376_12295,0,replace,POD move,Unassigned
3269376_12296,0,replace,POD move,Unassigned
3537688_10984,0,replace,POD move,Unassigned
3537688_10985,0,replace,POD move,Unassigned
3551726_12021,0,replace,POD move,Unassigned
4116622_12021,0,replace,POD move,Unassigned
4276811_825,0,replace,POD move,Unassigned
4317817_4463,0,replace,POD move,Unassigned
4651372_4463,0,replace,POD move,Unassigned
4872868_12021,0,replace,POD move,Unassigned
5738540_10984,0,replace,POD move,Unassigned
5738540_10985,0,replace,POD move,Unassigned
6152314_12877,0,replace,POD move,Unassigned
6152314_4041,0,replace,POD move,Unassigned
6152314_4042,0,replace,POD move,Unassigned
6152314_4043,0,replace,POD move,Unassigned
6152314_4044,0,replace,POD move,Unassigned
6152314_4045,0,replace,POD move,Unassigned
6152314_4086,0,replace,POD move,Unassigned
6152314_4087,0,replace,POD move,Unassigned
6152314_4088,0,replace,POD move,Unassigned
6152314_4089,0,replace,POD move,Unassigned
6152314_4090,0,replace,POD move,Unassigned
6152314_4141,0,replace,POD move,Unassigned
6152314_4142,0,replace,POD move,Unassigned
6152314_4143,0,replace,POD move,Unassigned
6152314_4144,0,replace,POD move,Unassigned
6152314_4145,0,replace,POD move,Unassigned
6152314_4171,0,replace,POD move,Unassigned
6152314_4172,0,replace,POD move,Unassigned
6152314_4173,0,replace,POD move,Unassigned
6152314_4174,0,replace,POD move,Unassigned
6152314_4175,0,replace,POD move,Unassigned
6152314_5298,0,replace,POD move,Unassigned
6152314_5300,0,replace,POD move,Unassigned
6152314_5304,0,replace,POD move,Unassigned
6152314_5307,0,replace,POD move,Unassigned
6152314_5313,0,replace,POD move,Unassigned
6152314_5315,0,replace,POD move,Unassigned
6152314_5319,0,replace,POD move,Unassigned
6152314_5322,0,replace,POD move,Unassigned
6152314_9541,0,replace,POD move,Unassigned
6152314_9552,0,replace,POD move,Unassigned
6228329_9606,0,replace,POD move,Unassigned
6228329_9607,0,replace,POD move,Unassigned
6228329_9608,0,replace,POD move,Unassigned
6228329_9609,0,replace,POD move,Unassigned
6228329_9610,0,replace,POD move,Unassigned
6228329_9611,0,replace,POD move,Unassigned
6228329_9612,0,replace,POD move,Unassigned
6485386_12021,0,replace,POD move,Unassigned
6492850_12021,0,replace,POD move,Unassigned
6620580_5,0,replace,POD move,Unassigned
6882988_825,0,replace,POD move,Unassigned
6979676_12290,0,replace,POD move,Unassigned
6979676_12291,0,replace,POD move,Unassigned
6979676_12292,0,replace,POD move,Unassigned
6979676_12293,0,replace,POD move,Unassigned
6979676_12294,0,replace,POD move,Unassigned
6979676_12295,0,replace,POD move,Unassigned
6979676_12296,0,replace,POD move,Unassigned
7378854_8850,0,replace,POD move,Unassigned
7378854_8851,0,replace,POD move,Unassigned
7378854_8852,0,replace,POD move,Unassigned
7378854_8853,0,replace,POD move,Unassigned
7378854_8854,0,replace,POD move,Unassigned
7378854_8855,0,replace,POD move,Unassigned
7641956_10985,0,replace,POD move,Unassigned
7973306_12021,0,replace,POD move,Unassigned
8093817_12290,0,replace,POD move,Unassigned
8093817_12291,0,replace,POD move,Unassigned
8093817_12292,0,replace,POD move,Unassigned
8093817_12293,0,replace,POD move,Unassigned
8093817_12294,0,replace,POD move,Unassigned
8093817_12295,0,replace,POD move,Unassigned
8093817_12296,0,replace,POD move,Unassigned
8675232_12871,0,replace,POD move,Unassigned
8675232_12877,0,replace,POD move,Unassigned
8675232_4016,0,replace,POD move,Unassigned
8675232_4017,0,replace,POD move,Unassigned
8675232_4018,0,replace,POD move,Unassigned
8675232_4019,0,replace,POD move,Unassigned
8675232_4020,0,replace,POD move,Unassigned
8675232_4081,0,replace,POD move,Unassigned
8675232_4082,0,replace,POD move,Unassigned
8675232_4083,0,replace,POD move,Unassigned
8675232_4084,0,replace,POD move,Unassigned
8675232_4085,0,replace,POD move,Unassigned
8675232_4141,0,replace,POD move,Unassigned
8675232_4142,0,replace,POD move,Unassigned
8675232_4143,0,replace,POD move,Unassigned
8675232_4144,0,replace,POD move,Unassigned
8675232_4145,0,replace,POD move,Unassigned
8675232_5295,0,replace,POD move,Unassigned
8675232_5299,0,replace,POD move,Unassigned
8675232_5304,0,replace,POD move,Unassigned
8675232_5310,0,replace,POD move,Unassigned
8675232_5314,0,replace,POD move,Unassigned
8675232_5319,0,replace,POD move,Unassigned
8675232_9527,0,replace,POD move,Unassigned
8675232_9552,0,replace,POD move,Unassigned
8726569_10984,0,replace,POD move,Unassigned
8726569_10985,0,replace,POD move,Unassigned
8782182_12021,0,replace,POD move,Unassigned
8880089_12021,0,replace,POD move,Unassigned
8977506_10985,0,replace,POD move,Unassigned
8999417_10984,0,replace,POD move,Unassigned
8999417_10985,0,replace,POD move,Unassigned
9284938_12290,0,replace,POD move,Unassigned
9284938_12291,0,replace,POD move,Unassigned
9284938_12292,0,replace,POD move,Unassigned
9284938_12293,0,replace,POD move,Unassigned
9284938_12294,0,replace,POD move,Unassigned
9284938_12295,0,replace,POD move,Unassigned
9284938_12296,0,replace,POD move,Unassigned
9464141_11049,0,replace,POD move,Unassigned
9491984_12021,0,replace,POD move,Unassigned
9691710_8850,0,replace,POD move,Unassigned
9691710_8851,0,replace,POD move,Unassigned
9691710_8852,0,replace,POD move,Unassigned
9691710_8853,0,replace,POD move,Unassigned
9691710_8854,0,replace,POD move,Unassigned
9691710_8855,0,replace,POD move,Unassigned
9864723_825,0,replace,POD move,Unassigned
3269376_12295,9999,replace,POD move,POD-PA
3269376_12296,9999,replace,POD move,POD-PA
3537688_10984,9999,replace,POD move,POD-PA
3537688_10985,9999,replace,POD move,POD-PA
3551726_12021,9999,replace,POD move,POD-PA
4116622_12021,9999,replace,POD move,POD-PA
4276811_825,9999,replace,POD move,POD-PA
4317817_4463,9999,replace,POD move,POD-PA
4651372_4463,9999,replace,POD move,POD-PA
4872868_12021,9999,replace,POD move,POD-PA
5738540_10984,9999,replace,POD move,POD-PA
5738540_10985,9999,replace,POD move,POD-PA
6152314_12877,9999,replace,POD move,POD-PA
6152314_4041,9999,replace,POD move,POD-PA
6152314_4042,9999,replace,POD move,POD-PA
6152314_4043,9999,replace,POD move,POD-PA
6152314_4044,9999,replace,POD move,POD-PA
6152314_4045,9999,replace,POD move,POD-PA
6152314_4086,9999,replace,POD move,POD-PA
6152314_4087,9999,replace,POD move,POD-PA
6152314_4088,9999,replace,POD move,POD-PA
6152314_4089,9999,replace,POD move,POD-PA
6152314_4090,9999,replace,POD move,POD-PA
6152314_4141,9999,replace,POD move,POD-PA
6152314_4142,9999,replace,POD move,POD-PA
6152314_4143,9999,replace,POD move,POD-PA
6152314_4144,9999,replace,POD move,POD-PA
6152314_4145,9999,replace,POD move,POD-PA
6152314_4171,9999,replace,POD move,POD-PA
6152314_4172,9999,replace,POD move,POD-PA
6152314_4173,9999,replace,POD move,POD-PA
6152314_4174,9999,replace,POD move,POD-PA
6152314_4175,9999,replace,POD move,POD-PA
6152314_5298,9999,replace,POD move,POD-PA
6152314_5300,9999,replace,POD move,POD-PA
6152314_5304,9999,replace,POD move,POD-PA
6152314_5307,9999,replace,POD move,POD-PA
6152314_5313,9999,replace,POD move,POD-PA
6152314_5315,9999,replace,POD move,POD-PA
6152314_5319,9999,replace,POD move,POD-PA
6152314_5322,9999,replace,POD move,POD-PA
6152314_9541,9999,replace,POD move,POD-PA
6152314_9552,9999,replace,POD move,POD-PA
6228329_9606,9999,replace,POD move,POD-PA
6228329_9607,9999,replace,POD move,POD-PA
6228329_9608,9999,replace,POD move,POD-PA
6228329_9609,9999,replace,POD move,POD-PA
6228329_9610,9999,replace,POD move,POD-PA
6228329_9611,9999,replace,POD move,POD-PA
6228329_9612,9999,replace,POD move,POD-PA
6485386_12021,9999,replace,POD move,POD-PA
6492850_12021,9999,replace,POD move,POD-PA
6620580_5,9999,replace,POD move,POD-PA
6882988_825,9999,replace,POD move,POD-PA
6979676_12290,9999,replace,POD move,POD-PA
6979676_12291,9999,replace,POD move,POD-PA
6979676_12292,9999,replace,POD move,POD-PA
6979676_12293,9999,replace,POD move,POD-PA
6979676_12294,9999,replace,POD move,POD-PA
6979676_12295,9999,replace,POD move,POD-PA
6979676_12296,9999,replace,POD move,POD-PA
7378854_8850,9999,replace,POD move,POD-PA
7378854_8851,9999,replace,POD move,POD-PA
7378854_8852,9999,replace,POD move,POD-PA
7378854_8853,9999,replace,POD move,POD-PA
7378854_8854,9999,replace,POD move,POD-PA
7378854_8855,9999,replace,POD move,POD-PA
7641956_10985,9999,replace,POD move,POD-PA
7973306_12021,9999,replace,POD move,POD-PA
8093817_12290,9999,replace,POD move,POD-PA
8093817_12291,9999,replace,POD move,POD-PA
8093817_12292,9999,replace,POD move,POD-PA
8093817_12293,9999,replace,POD move,POD-PA
8093817_12294,9999,replace,POD move,POD-PA
8093817_12295,9999,replace,POD move,POD-PA
8093817_12296,9999,replace,POD move,POD-PA
8675232_12871,9999,replace,POD move,POD-PA
8675232_12877,9999,replace,POD move,POD-PA
8675232_4016,9999,replace,POD move,POD-PA
8675232_4017,9999,replace,POD move,POD-PA
8675232_4018,9999,replace,POD move,POD-PA
8675232_4019,9999,replace,POD move,POD-PA
8675232_4020,9999,replace,POD move,POD-PA
8675232_4081,9999,replace,POD move,POD-PA
8675232_4082,9999,replace,POD move,POD-PA
8675232_4083,9999,replace,POD move,POD-PA
8675232_4084,9999,replace,POD move,POD-PA
8675232_4085,9999,replace,POD move,POD-PA
8675232_4141,9999,replace,POD move,POD-PA
8675232_4142,9999,replace,POD move,POD-PA
8675232_4143,9999,replace,POD move,POD-PA
8675232_4144,9999,replace,POD move,POD-PA
8675232_4145,9999,replace,POD move,POD-PA
8675232_5295,9999,replace,POD move,POD-PA
8675232_5299,9999,replace,POD move,POD-PA
8675232_5304,9999,replace,POD move,POD-PA
8675232_5310,9999,replace,POD move,POD-PA
8675232_5314,9999,replace,POD move,POD-PA
8675232_5319,9999,replace,POD move,POD-PA
8675232_9527,9999,replace,POD move,POD-PA
8675232_9552,9999,replace,POD move,POD-PA
8726569_10984,9999,replace,POD move,POD-PA
8726569_10985,9999,replace,POD move,POD-PA
8782182_12021,9999,replace,POD move,POD-PA
8880089_12021,9999,replace,POD move,POD-PA
8977506_10985,9999,replace,POD move,POD-PA
8999417_10984,9999,replace,POD move,POD-PA
8999417_10985,9999,replace,POD move,POD-PA
9284938_12290,9999,replace,POD move,POD-PA
9284938_12291,9999,replace,POD move,POD-PA
9284938_12292,9999,replace,POD move,POD-PA
9284938_12293,9999,replace,POD move,POD-PA
9284938_12294,9999,replace,POD move,POD-PA
9284938_12295,9999,replace,POD move,POD-PA
9284938_12296,9999,replace,POD move,POD-PA
9464141_11049,9999,replace,POD move,POD-PA
9491984_12021,9999,replace,POD move,POD-PA
9691710_8850,9999,replace,POD move,POD-PA
9691710_8851,9999,replace,POD move,POD-PA
9691710_8852,9999,replace,POD move,POD-PA
9691710_8853,9999,replace,POD move,POD-PA
9691710_8854,9999,replace,POD move,POD-PA
9691710_8855,9999,replace,POD move,POD-PA
9864723_825,9999,replace,POD move,POD-PA
